<?xml version="1.0" encoding="utf-8" ?> 
<CHR_FIRMWARE id="GP1B" name="GP6 Firmware rev. 1.0" description="GP6 Firmware rev. 1.0">
	<!-- ********************************************************* -->
	<!-- CONFIGURATION ITEMS -->
	<!-- ********************************************************* -->
	<ConfigGroup>
		<Name>Communcation Settings</Name>
		<Description>Communication Settings</Description>
		
		<!-- BROADCAST ENABLED -->
		<ConfigItem>
			<Name>Baud Rate</Name>
			<Description>Specifies the serial port baud rate</Description>
			<Address>0</Address>
			<Bits>4</Bits>
			<Start>28</Start>
			<DataType>option</DataType>
			<Min></Min>
			<Max></Max>
			<ScaleFactor>1.0</ScaleFactor>
			
			<Option>
				<Name>0: 9600 Baud</Name>
				<Value>0</Value>
			</Option>
			<Option>
				<Name>1: 14400 Baud</Name>
				<Value>1</Value>
			</Option>
			<Option>
				<Name>2: 19200 Baud</Name>
				<Value>2</Value>
			</Option>
			<Option>
				<Name>3: 38400 Baud</Name>
				<Value>3</Value>
			</Option>
			<Option>
				<Name>4: 57600 Baud</Name>
				<Value>4</Value>
			</Option>
			<Option>
				<Name>5: 115200 Baud</Name>
				<Value>5</Value>
			</Option>
			<Option>
				<Name>6: 128000 Baud</Name>
				<Value>6</Value>
			</Option>
			<Option>
				<Name>7: 153600 Baud</Name>
				<Value>7</Value>
			</Option>			
		</ConfigItem>
		
		<!-- HEALTH BROADCAST -->
		<ConfigItem>
			<Name>Health Broadcast</Name>
			<Description>Specifies whether health messages are transmitted automatically by the sensor</Description>
			<Address>0</Address>
			<Bits>1</Bits>
			<Start>23</Start>
			<DataType>en/dis</DataType>
			<Min></Min>
			<Max></Max>
			<ScaleFactor>1.0</ScaleFactor>
		</ConfigItem>
		
		<!--  RAW ACCEL ENABLED -->
		<ConfigItem>
			<Name>Raw Accelerometer Broadcast</Name>
			<Description>Specifies whether raw accelerometer data is transmitted automatically by the sensor</Description>
			<Address>0</Address>
			<Bits>1</Bits>
			<Start>22</Start>
			<DataType>en/dis</DataType>
			<Min></Min>
			<Max></Max>
			<ScaleFactor>1.0</ScaleFactor>
		</ConfigItem>
		
		<!-- RAW GYRO ENABLED -->
		<ConfigItem>
			<Name>Raw Gyro Broadcast</Name>
			<Description>Specifies whether raw gyro data is transmitted automatically by the sensor</Description>
			<Address>0</Address>
			<Bits>1</Bits>
			<Start>21</Start>
			<DataType>en/dis</DataType>
			<Min></Min>
			<Max></Max>
			<ScaleFactor>1.0</ScaleFactor>
		</ConfigItem>
		
		<!-- RAW MAG ENABLED -->
		<ConfigItem>
			<Name>Raw Mag Broadcast</Name>
			<Description>Specifies whether raw magnetometer data is transmitted automatically by the sensor</Description>
			<Address>0</Address>
			<Bits>1</Bits>
			<Start>20</Start>
			<DataType>en/dis</DataType>
			<Min></Min>
			<Max></Max>
			<ScaleFactor>1.0</ScaleFactor>
		</ConfigItem>

		<!-- ALL RAW ENABLED -->
		<ConfigItem>
			<Name>All Raw Broadcast</Name>
			<Description>Specifies whether all raw sensor data is transmitted automatically by the sensor</Description>
			<Address>0</Address>
			<Bits>1</Bits>
			<Start>19</Start>
			<DataType>en/dis</DataType>
			<Min></Min>
			<Max></Max>
			<ScaleFactor>1.0</ScaleFactor>
		</ConfigItem>
		
		<!--  PROC ACCEL ENABLED -->
		<ConfigItem>
			<Name>Processed Accelerometer Broadcast</Name>
			<Description>Specifies whether processed accelerometer data is transmitted automatically by the sensor</Description>
			<Address>0</Address>
			<Bits>1</Bits>
			<Start>18</Start>
			<DataType>en/dis</DataType>
			<Min></Min>
			<Max></Max>
			<ScaleFactor>1.0</ScaleFactor>
		</ConfigItem>
		
		<!-- PROC GYRO ENABLED -->
		<ConfigItem>
			<Name>Processed Gyro Broadcast</Name>
			<Description>Specifies whether processed gyro data is transmitted automatically by the sensor</Description>
			<Address>0</Address>
			<Bits>1</Bits>
			<Start>17</Start>
			<DataType>en/dis</DataType>
			<Min></Min>
			<Max></Max>
			<ScaleFactor>1.0</ScaleFactor>
		</ConfigItem>
		
		<!-- PROC MAG ENABLED -->
		<ConfigItem>
			<Name>Processed Mag Broadcast</Name>
			<Description>Specifies whether processed magnetometer data is transmitted automatically by the sensor</Description>
			<Address>0</Address>
			<Bits>1</Bits>
			<Start>16</Start>
			<DataType>en/dis</DataType>
			<Min></Min>
			<Max></Max>
			<ScaleFactor>1.0</ScaleFactor>
		</ConfigItem>
		
		<!-- ALL PROCESSED ENABLED -->
		<ConfigItem>
			<Name>All Processed Broadcast</Name>
			<Description>Specifies whether all processed sensor data is transmitted automatically by the sensor</Description>
			<Address>0</Address>
			<Bits>1</Bits>
			<Start>15</Start>
			<DataType>en/dis</DataType>
			<Min></Min>
			<Max></Max>
			<ScaleFactor>1.0</ScaleFactor>
		</ConfigItem>		
		
		<!-- QUATERNION ENABLED -->
		<ConfigItem>
			<Name>Quaternion Broadcast</Name>
			<Description>Specifies whether quaternion data is transmitted automatically by the sensor</Description>
			<Address>0</Address>
			<Bits>1</Bits>
			<Start>14</Start>
			<DataType>en/dis</DataType>
			<Min></Min>
			<Max></Max>
			<ScaleFactor>1.0</ScaleFactor>
		</ConfigItem>
		
		<!-- EULER ANGLE ENABLED -->
		<ConfigItem>
			<Name>Euler Angle Broadcast</Name>
			<Description>Specifies whether Euler Angle data is transmitted automatically by the sensor</Description>
			<Address>0</Address>
			<Bits>1</Bits>
			<Start>13</Start>
			<DataType>en/dis</DataType>
			<Min></Min>
			<Max></Max>
			<ScaleFactor>1.0</ScaleFactor>
		</ConfigItem>
		
		<!-- POSITION ENABLED -->
		<ConfigItem>
			<Name>Position Broadcast</Name>
			<Description>Specifies whether position data is transmitted automatically by the sensor</Description>
			<Address>0</Address>
			<Bits>1</Bits>
			<Start>12</Start>
			<DataType>en/dis</DataType>
			<Min></Min>
			<Max></Max>
			<ScaleFactor>1.0</ScaleFactor>
		</ConfigItem>
		
		<!-- VELOCITY ENABLED -->
		<ConfigItem>
			<Name>Velocity Broadcast</Name>
			<Description>Specifies whether velocity data is transmitted automatically by the sensor</Description>
			<Address>0</Address>
			<Bits>1</Bits>
			<Start>11</Start>
			<DataType>en/dis</DataType>
			<Min></Min>
			<Max></Max>
			<ScaleFactor>1.0</ScaleFactor>
		</ConfigItem>
		
		<!-- POSE ENABLED -->
		<ConfigItem>
			<Name>Pose Broadcast</Name>
			<Description>Specifies whether orientation, position, and velocity data is transmitted automatically by the sensor</Description>
			<Address>0</Address>
			<Bits>1</Bits>
			<Start>10</Start>
			<DataType>en/dis</DataType>
			<Min></Min>
			<Max></Max>
			<ScaleFactor>1.0</ScaleFactor>
		</ConfigItem>
		
		<!-- GPS SUMMARY ENABLED -->
		<ConfigItem>
			<Name>GPS Satellite Data Broadcast</Name>
			<Description>Specifies whether satellite status is transmitted automatically by the sensor</Description>
			<Address>0</Address>
			<Bits>1</Bits>
			<Start>9</Start>
			<DataType>en/dis</DataType>
			<Min></Min>
			<Max></Max>
			<ScaleFactor>1.0</ScaleFactor>
		</ConfigItem>
		
		<!-- NMEA HEALTH ENABLED -->
		<ConfigItem>
			<Name>NMEA Health Broadcast</Name>
			<Description>Specifies whether NMEA health packet is transmitted automatically by the sensor</Description>
			<Address>0</Address>
			<Bits>1</Bits>
			<Start>6</Start>
			<DataType>en/dis</DataType>
			<Min></Min>
			<Max></Max>
			<ScaleFactor>1.0</ScaleFactor>
		</ConfigItem>
		
		<!-- NMEA POSE ENABLED -->
		<ConfigItem>
			<Name>NMEA Pose Broadcast</Name>
			<Description>Specifies whether NMEA pose is transmitted automatically by the sensor</Description>
			<Address>0</Address>
			<Bits>1</Bits>
			<Start>5</Start>
			<DataType>en/dis</DataType>
			<Min></Min>
			<Max></Max>
			<ScaleFactor>1.0</ScaleFactor>
		</ConfigItem>		
		
		<!-- NMEA ATTITUDE ENABLED -->
		<ConfigItem>
			<Name>NMEA Orientation Broadcast</Name>
			<Description>Specifies whether NMEA orientation packet is transmitted automatically by the sensor</Description>
			<Address>0</Address>
			<Bits>1</Bits>
			<Start>4</Start>
			<DataType>en/dis</DataType>
			<Min></Min>
			<Max></Max>
			<ScaleFactor>1.0</ScaleFactor>
		</ConfigItem>
		
		<!-- NMEA HEALTH ENABLED -->
		<ConfigItem>
			<Name>NMEA Sensor Data Broadcast</Name>
			<Description>Specifies whether NMEA sensor data is transmitted automatically by the sensor</Description>
			<Address>0</Address>
			<Bits>1</Bits>
			<Start>3</Start>
			<DataType>en/dis</DataType>
			<Min></Min>
			<Max></Max>
			<ScaleFactor>1.0</ScaleFactor>
		</ConfigItem>
    
    <!-- RC DATA ENABLED -->
    <ConfigItem>
      <Name>RC Transmitter Data Broadcast</Name>
      <Description>Specifies whether RC transmitter data is broadcast automatically by the sensor</Description>
      <Address>0</Address>
      <Bits>1</Bits>
      <Start>27</Start>
      <DataType>en/dis</DataType>
      <Min></Min>
      <Max></Max>
      <ScaleFactor>1.0</ScaleFactor>
    </ConfigItem>
	</ConfigGroup>
	
	<!-- BROADCAST RATES -->
	<ConfigGroup>
		<Name>Binary Broadcast Rates</Name>
		<Description>Rates at which various packets transmit (note - transmission must be enabled in the COM SETTINGS register)</Description>
		
		<!-- RAW ACCELEROMETER  -->
		<ConfigItem>
			<Name>Raw Accelerometer</Name>
			<Description>Specifies how often states are transmitted over the serial line</Description>
			<Address>1</Address>
			<Bits>8</Bits>
			<Start>24</Start>
			<DataType>uint16</DataType>
			<Min>0</Min>
			<Max>255</Max>
			<ScaleFactor>1.0</ScaleFactor>
		</ConfigItem>
		
		<!-- RAW GYRO  -->
		<ConfigItem>
			<Name>Raw Gyro</Name>
			<Description>Specifies how often states are transmitted over the serial line</Description>
			<Address>1</Address>
			<Bits>8</Bits>
			<Start>16</Start>
			<DataType>uint16</DataType>
			<Min>0</Min>
			<Max>255</Max>
			<ScaleFactor>1.0</ScaleFactor>
		</ConfigItem>
		
		<!-- RAW MAG  -->
		<ConfigItem>
			<Name>Raw Mag</Name>
			<Description>Specifies how often states are transmitted over the serial line</Description>
			<Address>1</Address>
			<Bits>8</Bits>
			<Start>8</Start>
			<DataType>uint16</DataType>
			<Min>0</Min>
			<Max>255</Max>
			<ScaleFactor>1.0</ScaleFactor>
		</ConfigItem>
		
		<!-- ALL RAW  -->
		<ConfigItem>
			<Name>All Raw Data</Name>
			<Description>Specifies how often states are transmitted over the serial line</Description>
			<Address>1</Address>
			<Bits>8</Bits>
			<Start>0</Start>
			<DataType>uint16</DataType>
			<Min>0</Min>
			<Max>255</Max>
			<ScaleFactor>1.0</ScaleFactor>
		</ConfigItem>
		
		<!-- PROCESSED ACCELEROMETER  -->
		<ConfigItem>
			<Name>Processed Accelerometer</Name>
			<Description>Specifies how often states are transmitted over the serial line</Description>
			<Address>2</Address>
			<Bits>8</Bits>
			<Start>24</Start>
			<DataType>uint16</DataType>
			<Min>0</Min>
			<Max>255</Max>
			<ScaleFactor>1.0</ScaleFactor>
		</ConfigItem>
		
		<!-- PROCESSED GYRO  -->
		<ConfigItem>
			<Name>Processed Gyro</Name>
			<Description>Specifies how often states are transmitted over the serial line</Description>
			<Address>2</Address>
			<Bits>8</Bits>
			<Start>16</Start>
			<DataType>uint16</DataType>
			<Min>0</Min>
			<Max>255</Max>
			<ScaleFactor>1.0</ScaleFactor>
		</ConfigItem>
		
		<!-- PROCESSED MAG  -->
		<ConfigItem>
			<Name>Processed Mag</Name>
			<Description>Specifies how often states are transmitted over the serial line</Description>
			<Address>2</Address>
			<Bits>8</Bits>
			<Start>8</Start>
			<DataType>uint16</DataType>
			<Min>0</Min>
			<Max>255</Max>
			<ScaleFactor>1.0</ScaleFactor>
		</ConfigItem>
		
		<!-- ALL PROCESSED  -->
		<ConfigItem>
			<Name>All Processed Sensor Data</Name>
			<Description>Specifies how often states are transmitted over the serial line</Description>
			<Address>2</Address>
			<Bits>8</Bits>
			<Start>0</Start>
			<DataType>uint16</DataType>
			<Min>0</Min>
			<Max>255</Max>
			<ScaleFactor>1.0</ScaleFactor>
		</ConfigItem>
		
		<!-- QUATERNION  -->
		<ConfigItem>
			<Name>Quaternion Attitude Data</Name>
			<Description>Specifies how often states are transmitted over the serial line</Description>
			<Address>3</Address>
			<Bits>8</Bits>
			<Start>24</Start>
			<DataType>uint16</DataType>
			<Min>0</Min>
			<Max>255</Max>
			<ScaleFactor>1.0</ScaleFactor>
		</ConfigItem>
		
		<!-- EULER ANGLES  -->
		<ConfigItem>
			<Name>Euler Data</Name>
			<Description>Specifies how often states are transmitted over the serial line</Description>
			<Address>3</Address>
			<Bits>8</Bits>
			<Start>16</Start>
			<DataType>uint16</DataType>
			<Min>0</Min>
			<Max>255</Max>
			<ScaleFactor>1.0</ScaleFactor>
		</ConfigItem>
		
		<!-- POSITION  -->
		<ConfigItem>
			<Name>Position Data</Name>
			<Description>Specifies how often states are transmitted over the serial line</Description>
			<Address>3</Address>
			<Bits>8</Bits>
			<Start>8</Start>
			<DataType>uint16</DataType>
			<Min>0</Min>
			<Max>255</Max>
			<ScaleFactor>1.0</ScaleFactor>
		</ConfigItem>
		
		<!-- VELOCITY  -->
		<ConfigItem>
			<Name>Velocity Data</Name>
			<Description>Specifies how often states are transmitted over the serial line</Description>
			<Address>3</Address>
			<Bits>8</Bits>
			<Start>0</Start>
			<DataType>uint16</DataType>
			<Min>0</Min>
			<Max>255</Max>
			<ScaleFactor>1.0</ScaleFactor>
		</ConfigItem>
		
		<!-- POSE  -->
		<ConfigItem>
			<Name>Pose (position/attitude) Data</Name>
			<Description>Specifies how often states are transmitted over the serial line</Description>
			<Address>4</Address>
			<Bits>8</Bits>
			<Start>24</Start>
			<DataType>uint16</DataType>
			<Min>0</Min>
			<Max>255</Max>
			<ScaleFactor>1.0</ScaleFactor>
		</ConfigItem>
		
		<!-- SATELLITE STATUS  -->
		<ConfigItem>
			<Name>Satellite Status</Name>
			<Description>Specifies how often states are transmitted over the serial line</Description>
			<Address>4</Address>
			<Bits>4</Bits>
			<Start>20</Start>
			<DataType>option</DataType>
			<Min></Min>
			<Max></Max>
			<ScaleFactor>1.0</ScaleFactor>
			
			<Option>
				<Name>0: 4 Hz</Name>
				<Value>0</Value>
			</Option>
			<Option>
				<Name>1: 2 Hz</Name>
				<Value>1</Value>
			</Option>
			<Option>
				<Name>2: 1 Hz</Name>
				<Value>2</Value>
			</Option>
			<Option>
				<Name>3: 0.5 Hz</Name>
				<Value>3</Value>
			</Option>
			<Option>
				<Name>4: 0.25 Hz</Name>
				<Value>4</Value>
			</Option>
			<Option>
				<Name>5: 0.125 Hz</Name>
				<Value>5</Value>
			</Option>
		</ConfigItem>
		
		<!-- HEALTH  -->
		<ConfigItem>
			<Name>Health</Name>
			<Description>Specifies how often states are transmitted over the serial line</Description>
			<Address>4</Address>
			<Bits>4</Bits>
			<Start>16</Start>
			<DataType>option</DataType>
			<Min></Min>
			<Max></Max>
			<ScaleFactor>1.0</ScaleFactor>
			
			<Option>
				<Name>0: 8 Hz</Name>
				<Value>0</Value>
			</Option>
			<Option>
				<Name>1: 4 Hz</Name>
				<Value>1</Value>
			</Option>
			<Option>
				<Name>2: 2 Hz</Name>
				<Value>2</Value>
			</Option>
			<Option>
				<Name>3: 1 Hz</Name>
				<Value>3</Value>
			</Option>
			<Option>
				<Name>4: 0.5 Hz</Name>
				<Value>4</Value>
			</Option>
			<Option>
				<Name>5: 0.25 Hz</Name>
				<Value>5</Value>
			</Option>
			<Option>
				<Name>6: 0.125 Hz</Name>
				<Value>6</Value>
			</Option>
		</ConfigItem>
		
		<!-- Temperature data  -->
		<ConfigItem>
			<Name>Temperature Data</Name>
			<Description>Specifies how often states are transmitted over the serial line</Description>
			<Address>4</Address>
			<Bits>8</Bits>
			<Start>8</Start>
			<DataType>uint16</DataType>
			<Min>0</Min>
			<Max>255</Max>
			<ScaleFactor>1.0</ScaleFactor>
		</ConfigItem>

    <!-- Temperature data  -->
    <ConfigItem>
      <Name>Temperature Data</Name>
      <Description>Specifies how often states are transmitted over the serial line</Description>
      <Address>4</Address>
      <Bits>8</Bits>
      <Start>8</Start>
      <DataType>uint16</DataType>
      <Min>0</Min>
      <Max>255</Max>
      <ScaleFactor>1.0</ScaleFactor>
    </ConfigItem>
		
	</ConfigGroup>

	
	<!-- BROADCAST RATES -->
	<ConfigGroup>
		<Name>NMEA Broadcast Rates</Name>
		<Description>Rates at which various packets transmit (note - transmission must be enabled in the COM SETTINGS register)</Description>
		
		<!-- NMEA HEALTH  -->
		<ConfigItem>
			<Name>NMEA Health</Name>
			<Description>Specifies how often states are transmitted over the serial line</Description>
			<Address>5</Address>
			<Bits>4</Bits>
			<Start>28</Start>
			<DataType>option</DataType>
			<Min></Min>
			<Max></Max>
			<ScaleFactor>1.0</ScaleFactor>
			
			<Option>
				<Name>0: 8 Hz</Name>
				<Value>0</Value>
			</Option>
			<Option>
				<Name>1: 4 Hz</Name>
				<Value>1</Value>
			</Option>
			<Option>
				<Name>2: 2 Hz</Name>
				<Value>2</Value>
			</Option>
			<Option>
				<Name>3: 1 Hz</Name>
				<Value>3</Value>
			</Option>
			<Option>
				<Name>4: 0.5 Hz</Name>
				<Value>4</Value>
			</Option>
			<Option>
				<Name>5: 0.25 Hz</Name>
				<Value>5</Value>
			</Option>
			<Option>
				<Name>6: 0.125 Hz</Name>
				<Value>6</Value>
			</Option>
		</ConfigItem>
		
		<!-- NMEA POSE  -->
		<ConfigItem>
			<Name>NMEA Pose</Name>
			<Description>Specifies how often states are transmitted over the serial line</Description>
			<Address>5</Address>
			<Bits>4</Bits>
			<Start>24</Start>
			<DataType>option</DataType>
			<Min></Min>
			<Max></Max>
			<ScaleFactor>1.0</ScaleFactor>
			
			<Option>
				<Name>0: 8 Hz</Name>
				<Value>0</Value>
			</Option>
			<Option>
				<Name>1: 4 Hz</Name>
				<Value>1</Value>
			</Option>
			<Option>
				<Name>2: 2 Hz</Name>
				<Value>2</Value>
			</Option>
			<Option>
				<Name>3: 1 Hz</Name>
				<Value>3</Value>
			</Option>
			<Option>
				<Name>4: 0.5 Hz</Name>
				<Value>4</Value>
			</Option>
			<Option>
				<Name>5: 0.25 Hz</Name>
				<Value>5</Value>
			</Option>
			<Option>
				<Name>6: 0.125 Hz</Name>
				<Value>6</Value>
			</Option>
		</ConfigItem>
		
		<!-- NMEA ATTITUDE  -->
		<ConfigItem>
			<Name>NMEA Orientation</Name>
			<Description>Specifies how often states are transmitted over the serial line</Description>
			<Address>5</Address>
			<Bits>4</Bits>
			<Start>20</Start>
			<DataType>option</DataType>
			<Min></Min>
			<Max></Max>
			<ScaleFactor>1.0</ScaleFactor>
			
			<Option>
				<Name>0: 8 Hz</Name>
				<Value>0</Value>
			</Option>
			<Option>
				<Name>1: 4 Hz</Name>
				<Value>1</Value>
			</Option>
			<Option>
				<Name>2: 2 Hz</Name>
				<Value>2</Value>
			</Option>
			<Option>
				<Name>3: 1 Hz</Name>
				<Value>3</Value>
			</Option>
			<Option>
				<Name>4: 0.5 Hz</Name>
				<Value>4</Value>
			</Option>
			<Option>
				<Name>5: 0.25 Hz</Name>
				<Value>5</Value>
			</Option>
			<Option>
				<Name>6: 0.125 Hz</Name>
				<Value>6</Value>
			</Option>
		</ConfigItem>
		
		<!-- NMEA SENSOR DATA  -->
		<ConfigItem>
			<Name>NMEA Sensor Data</Name>
			<Description>Specifies how often states are transmitted over the serial line</Description>
			<Address>5</Address>
			<Bits>4</Bits>
			<Start>16</Start>
			<DataType>option</DataType>
			<Min></Min>
			<Max></Max>
			<ScaleFactor>1.0</ScaleFactor>
			
			<Option>
				<Name>0: 8 Hz</Name>
				<Value>0</Value>
			</Option>
			<Option>
				<Name>1: 4 Hz</Name>
				<Value>1</Value>
			</Option>
			<Option>
				<Name>2: 2 Hz</Name>
				<Value>2</Value>
			</Option>
			<Option>
				<Name>3: 1 Hz</Name>
				<Value>3</Value>
			</Option>
			<Option>
				<Name>4: 0.5 Hz</Name>
				<Value>4</Value>
			</Option>
			<Option>
				<Name>5: 0.25 Hz</Name>
				<Value>5</Value>
			</Option>
			<Option>
				<Name>6: 0.125 Hz</Name>
				<Value>6</Value>
			</Option>
		</ConfigItem>
	</ConfigGroup>
	
	<ConfigGroup>
		<Name>Filter Settings</Name>
		<Description>Filter Settings</Description>
		
		<!-- RELATIVE POSITION MODE -->
		<ConfigItem>
			<Name>Relative Position Mode</Name>
			<Description>Specifies whether relative position mode is enabled</Description>
			<Address>6</Address>
			<Bits>1</Bits>
			<Start>23</Start>
			<DataType>en/dis</DataType>
			<Min></Min>
			<Max></Max>
			<ScaleFactor>1.0</ScaleFactor>
		</ConfigItem>

		<!-- USE GPS -->
		<ConfigItem>
			<Name>Enable GPS Processing</Name>
			<Description>Specifies whether GPS processing is enabled.  If it isn't, the board simply becomes a standard AHRS.</Description>
			<Address>6</Address>
			<Bits>1</Bits>
			<Start>22</Start>
			<DataType>en/dis</DataType>
			<Min></Min>
			<Max></Max>
			<ScaleFactor>1.0</ScaleFactor>
		</ConfigItem>
		
	</ConfigGroup>	
	
	<!-- ********************************************************* -->
	<!-- Data Items 											   -->
	<!-- ********************************************************* -->
	
	<!-- HEALTH REGISTER -->
	<DataGroup>
		<Name>Health</Name>
		<Description>Sensor Health Register</Description>

		<!-- Satellite Count -->
		<DataItem>
			<Name>Satellite Count</Name>
			<Description>Number of satellites used in the position/velocity solution</Description>
			<Address>85</Address>
			<Bits>6</Bits>
			<Start>26</Start>
			<DataType>uint16</DataType>
			<Min></Min>
			<Max></Max>
			<ScaleFactor>1.0</ScaleFactor>
		</DataItem>

		<!-- Satellite Count -->
		<DataItem>
			<Name>HDOP</Name>
			<Description>Horizontal Dilution of Precision</Description>
			<Address>85</Address>
			<Bits>10</Bits>
			<Start>16</Start>
			<DataType>uint16</DataType>
			<Min></Min>
			<Max></Max>
			<ScaleFactor>1.0</ScaleFactor>
		</DataItem>

		<!-- COM Overflow -->
		<DataItem>
			<Name>COM Overflow</Name>
			<Description>This bit is set if the sensor is unable to transmit all requested data at requested rates</Description>
			<Address>85</Address>
			<Bits>1</Bits>
			<Start>15</Start>
			<DataType>binary</DataType>
			<Min></Min>
			<Max></Max>
			<ScaleFactor>1.0</ScaleFactor>
		</DataItem>

		<!-- Accel X -->
		<DataItem>
			<Name>Accel X Failed</Name>
			<Description>Bit set if sensor axis fails to return good data</Description>
			<Address>85</Address>
			<Bits>1</Bits>
			<Start>9</Start>
			<DataType>binary</DataType>
			<Min></Min>
			<Max></Max>
			<ScaleFactor>1.0</ScaleFactor>
		</DataItem>

		<!-- Accel Y -->
		<DataItem>
			<Name>Accel Y Failed</Name>
			<Description>Bit set if sensor axis fails to return good data</Description>
			<Address>85</Address>
			<Bits>1</Bits>
			<Start>8</Start>
			<DataType>binary</DataType>
			<Min></Min>
			<Max></Max>
			<ScaleFactor>1.0</ScaleFactor>
		</DataItem>

		<!-- Accel Z -->
		<DataItem>
			<Name>Accel Z Failed</Name>
			<Description>Bit set if sensor axis fails to return good data</Description>
			<Address>85</Address>
			<Bits>1</Bits>
			<Start>7</Start>
			<DataType>binary</DataType>
			<Min></Min>
			<Max></Max>
			<ScaleFactor>1.0</ScaleFactor>
		</DataItem>

		<!-- Gyro X -->
		<DataItem>
			<Name>Gyro X Failed</Name>
			<Description>Bit set if sensor axis fails to return good data</Description>
			<Address>85</Address>
			<Bits>1</Bits>
			<Start>6</Start>
			<DataType>binary</DataType>
			<Min></Min>
			<Max></Max>
			<ScaleFactor>1.0</ScaleFactor>
		</DataItem>

		<!-- Gyro Y -->
		<DataItem>
			<Name>Gyro Y Failed</Name>
			<Description>Bit set if sensor axis fails to return good data</Description>
			<Address>85</Address>
			<Bits>1</Bits>
			<Start>5</Start>
			<DataType>binary</DataType>
			<Min></Min>
			<Max></Max>
			<ScaleFactor>1.0</ScaleFactor>
		</DataItem>

		<!-- Gyro Z -->
		<DataItem>
			<Name>Gyro Z Failed</Name>
			<Description>Bit set if sensor axis fails to return good data</Description>
			<Address>85</Address>
			<Bits>1</Bits>
			<Start>4</Start>
			<DataType>binary</DataType>
			<Min></Min>
			<Max></Max>
			<ScaleFactor>1.0</ScaleFactor>
		</DataItem>

		<!-- Mag X -->
		<DataItem>
			<Name>Mag X Failed</Name>
			<Description>Bit set if sensor axis fails to return good data</Description>
			<Address>85</Address>
			<Bits>1</Bits>
			<Start>3</Start>
			<DataType>binary</DataType>
			<Min></Min>
			<Max></Max>
			<ScaleFactor>1.0</ScaleFactor>
		</DataItem>

		<!-- Mag Y -->
		<DataItem>
			<Name>Mag Y Failed</Name>
			<Description>Bit set if sensor axis fails to return good data</Description>
			<Address>85</Address>
			<Bits>1</Bits>
			<Start>2</Start>
			<DataType>binary</DataType>
			<Min></Min>
			<Max></Max>
			<ScaleFactor>1.0</ScaleFactor>
		</DataItem>

		<!-- Mag Z -->
		<DataItem>
			<Name>Mag Z Failed</Name>
			<Description>Bit set if sensor axis fails to return good data</Description>
			<Address>85</Address>
			<Bits>1</Bits>
			<Start>1</Start>
			<DataType>binary</DataType>
			<Min></Min>
			<Max></Max>
			<ScaleFactor>1.0</ScaleFactor>
		</DataItem>				

		<!-- GPS -->
		<DataItem>
			<Name>GPS</Name>
			<Description>Bit set if GPS fails to communicate properly</Description>
			<Address>85</Address>
			<Bits>1</Bits>
			<Start>0</Start>
			<DataType>binary</DataType>
			<Min></Min>
			<Max></Max>
			<ScaleFactor>1.0</ScaleFactor>
		</DataItem>			
	</DataGroup>
	
	<!-- RAW AND PROCESSED GYRO DATA -->
	<DataGroup>
		<Name>Gyro Data</Name>
		<Description>Data from rate gyros</Description>
		
		<!-- Raw X -->
		<DataItem>
			<Name>Raw X Gyro</Name>
			<Description>Raw (unprocessed) data from x-axis rate gyro</Description>
			<Address>86</Address>
			<Bits>16</Bits>
			<Start>16</Start>
			<DataType>int16</DataType>
			<Min></Min>
			<Max></Max>
			<ScaleFactor>1.0</ScaleFactor>
		</DataItem>
		
		<!-- Raw Y -->
		<DataItem>
			<Name>Raw Y Gyro</Name>
			<Description>Raw (unprocessed) data from y-axis rate gyro</Description>
			<Address>87</Address>
			<Bits>16</Bits>
			<Start>16</Start>
			<DataType>int16</DataType>
			<Min></Min>
			<Max></Max>
			<ScaleFactor>1.0</ScaleFactor>
		</DataItem>
		
		<!-- Raw Z -->
		<DataItem>
			<Name>Raw Z Gyro</Name>
			<Description>Raw (unprocessed) data from z-axis rate gyro</Description>
			<Address>88</Address>
			<Bits>16</Bits>
			<Start>16</Start>
			<DataType>int16</DataType>
			<Min></Min>
			<Max></Max>
			<ScaleFactor>1.0</ScaleFactor>
		</DataItem>
		
		<!-- Processed X -->
		<DataItem>
			<Name>Processed X Gyro</Name>
			<Description>Processed data from x-axis rate gyro (biases subtracted, scale factors and alignment compensation applied)</Description>
			<Address>97</Address>
			<Bits>32</Bits>
			<Start>0</Start>
			<DataType>float</DataType>
			<Min></Min>
			<Max></Max>
			<ScaleFactor>1.0</ScaleFactor>
		</DataItem>

		<!-- Processed Y -->
		<DataItem>
			<Name>Processed Y Gyro</Name>
			<Description>Processed data from y-axis rate gyro (biases subtracted, scale factors and alignment compensation applied)</Description>
			<Address>98</Address>
			<Bits>32</Bits>
			<Start>0</Start>
			<DataType>float</DataType>
			<Min></Min>
			<Max></Max>
			<ScaleFactor>1.0</ScaleFactor>
		</DataItem>

		<!-- Processed Z -->
		<DataItem>
			<Name>Processed Z Gyro</Name>
			<Description>Processed data from z-axis rate gyro (biases subtracted, scale factors and alignment compensation applied)</Description>
			<Address>99</Address>
			<Bits>32</Bits>
			<Start>0</Start>
			<DataType>float</DataType>
			<Min></Min>
			<Max></Max>
			<ScaleFactor>1.0</ScaleFactor>
		</DataItem>
		
		<!-- Gyro time -->
		<DataItem>
			<Name>Gyro raw time</Name>
			<Description>Time at which gyro data was measured</Description>
			<Address>89</Address>
			<Bits>32</Bits>
			<Start>0</Start>
			<DataType>float</DataType>
			<Min></Min>
			<Max></Max>
			<ScaleFactor>1.0</ScaleFactor>
		</DataItem>
		
		<!-- Gyro time -->
		<DataItem>
			<Name>Gyro proc time</Name>
			<Description>Time at which gyro data was measured (equivalent to gyro raw time)</Description>
			<Address>100</Address>
			<Bits>32</Bits>
			<Start>0</Start>
			<DataType>float</DataType>
			<Min></Min>
			<Max></Max>
			<ScaleFactor>1.0</ScaleFactor>
		</DataItem>
		
		<!-- Gyro X temperature -->
		<DataItem>
			<Name>Gyro X Temperature</Name>
			<Description>Measured x-axis rate gyro temperature</Description>
			<Address>86</Address>
			<Bits>16</Bits>
			<Start>0</Start>
			<DataType>int16</DataType>
			<Min></Min>
			<Max></Max>
			<ScaleFactor>0.003051758</ScaleFactor>
		</DataItem>
		
		<!-- Gyro Y temperature -->
		<DataItem>
			<Name>Gyro Y Temperature</Name>
			<Description>Measured y-axis rate gyro temperature</Description>
			<Address>87</Address>
			<Bits>16</Bits>
			<Start>0</Start>
			<DataType>int16</DataType>
			<Min></Min>
			<Max></Max>
			<ScaleFactor>0.003051758</ScaleFactor>
		</DataItem>
		
		<!-- Gyro Z temperature -->
		<DataItem>
			<Name>Gyro Z Temperature</Name>
			<Description>Measured z-axis rate gyro temperature</Description>
			<Address>88</Address>
			<Bits>16</Bits>
			<Start>0</Start>
			<DataType>int16</DataType>
			<Min></Min>
			<Max></Max>
			<ScaleFactor>0.003051758</ScaleFactor>
		</DataItem>
		
	</DataGroup>
	
	<!-- RAW AND PROCESSED ACCELEROMETER DATA -->
	<DataGroup>
		<Name>Accel Data</Name>
		<Description>Data from accelerometers</Description>

		<!-- Raw X -->
		<DataItem>
			<Name>Raw X Accel</Name>
			<Description>Raw (unprocessed) data from x-axis accelerometer</Description>
			<Address>90</Address>
			<Bits>16</Bits>
			<Start>16</Start>
			<DataType>int16</DataType>
			<Min></Min>
			<Max></Max>
			<ScaleFactor>1.0</ScaleFactor>
		</DataItem>

		<!-- Raw Y -->
		<DataItem>
			<Name>Raw Y Accel</Name>
			<Description>Raw (unprocessed) data from y-axis accelerometer</Description>
			<Address>90</Address>
			<Bits>16</Bits>
			<Start>0</Start>
			<DataType>int16</DataType>
			<Min></Min>
			<Max></Max>
			<ScaleFactor>1.0</ScaleFactor>
		</DataItem>

		<!-- Raw Z -->
		<DataItem>
			<Name>Raw Z Accel</Name>
			<Description>Raw (unprocessed) data from z-axis accelerometer</Description>
			<Address>91</Address>
			<Bits>16</Bits>
			<Start>16</Start>
			<DataType>int16</DataType>
			<Min></Min>
			<Max></Max>
			<ScaleFactor>1.0</ScaleFactor>
		</DataItem>
		
		<!-- Accel time -->
		<DataItem>
			<Name>Accel raw time</Name>
			<Description>Time at which accel data was measured</Description>
			<Address>92</Address>
			<Bits>32</Bits>
			<Start>0</Start>
			<DataType>float</DataType>
			<Min></Min>
			<Max></Max>
			<ScaleFactor>1.0</ScaleFactor>
		</DataItem>
		
		<!-- Accel time -->
		<DataItem>
			<Name>Accel proc time</Name>
			<Description>Time at which accel data was measured (equivalent to accel raw time)</Description>
			<Address>104</Address>
			<Bits>32</Bits>
			<Start>0</Start>
			<DataType>float</DataType>
			<Min></Min>
			<Max></Max>
			<ScaleFactor>1.0</ScaleFactor>
		</DataItem>

		<!-- Processed X -->
		<DataItem>
			<Name>Processed X Accel</Name>
			<Description>Processed data from x-axis accelerometer (biases subtracted, scale factors and alignment compensation applied)</Description>
			<Address>101</Address>
			<Bits>32</Bits>
			<Start>0</Start>
			<DataType>float</DataType>
			<Min></Min>
			<Max></Max>
			<ScaleFactor>1.0</ScaleFactor>
		</DataItem>

		<!-- Processed Y -->
		<DataItem>
			<Name>Processed Y Accel</Name>
			<Description>Processed data from y-axis accelerometer (biases subtracted, scale factors and alignment compensation applied)</Description>
			<Address>102</Address>
			<Bits>32</Bits>
			<Start>0</Start>
			<DataType>float</DataType>
			<Min></Min>
			<Max></Max>
			<ScaleFactor>1.0</ScaleFactor>
		</DataItem>

		<!-- Processed Z -->
		<DataItem>
			<Name>Processed Z Accel</Name>
			<Description>Processed data from z-axis accelerometer (biases subtracted, scale factors and alignment compensation applied)</Description>
			<Address>103</Address>
			<Bits>32</Bits>
			<Start>0</Start>
			<DataType>float</DataType>
			<Min></Min>
			<Max></Max>
			<ScaleFactor>1.0</ScaleFactor>
		</DataItem>
		
		<!-- Board temperature -->
		<DataItem>
			<Name>Board temperature</Name>
			<Description>Board temperature</Description>
			<Address>96</Address>
			<Bits>16</Bits>
			<Start>16</Start>
			<DataType>int16</DataType>
			<Min></Min>
			<Max></Max>
			<ScaleFactor>0.003051758</ScaleFactor>
		</DataItem>
	</DataGroup>
		
	<!-- RAW AND PROCESSED MAGNETOMETER DATA -->
	<DataGroup>
		<Name>Mag Data</Name>
		<Description>Data from magnetometer</Description>

		<!-- Raw X -->
		<DataItem>
			<Name>Raw X Mag</Name>
			<Description>Raw (unprocessed) data from x-axis magnetometer</Description>
			<Address>93</Address>
			<Bits>16</Bits>
			<Start>16</Start>
			<DataType>int16</DataType>
			<Min></Min>
			<Max></Max>
			<ScaleFactor>1.0</ScaleFactor>
		</DataItem>

		<!-- Raw Y -->
		<DataItem>
			<Name>Raw Y Mag</Name>
			<Description>Raw (unprocessed) data from y-axis magnetometer</Description>
			<Address>93</Address>
			<Bits>16</Bits>
			<Start>0</Start>
			<DataType>int16</DataType>
			<Min></Min>
			<Max></Max>
			<ScaleFactor>1.0</ScaleFactor>
		</DataItem>

		<!-- Raw Z -->
		<DataItem>
			<Name>Raw Z Mag</Name>
			<Description>Raw (unprocessed) data from z-axis magnetometer</Description>
			<Address>94</Address>
			<Bits>16</Bits>
			<Start>16</Start>
			<DataType>int16</DataType>
			<Min></Min>
			<Max></Max>
			<ScaleFactor>1.0</ScaleFactor>
		</DataItem>

		<!-- Mag time -->
		<DataItem>
			<Name>Mag raw time</Name>
			<Description>Time at which mag data was measured</Description>
			<Address>95</Address>
			<Bits>32</Bits>
			<Start>0</Start>
			<DataType>float</DataType>
			<Min></Min>
			<Max></Max>
			<ScaleFactor>1.0</ScaleFactor>
		</DataItem>
		
		<!-- Mag time -->
		<DataItem>
			<Name>Mag proc time</Name>
			<Description>Time at which mag data was measured (equivalent to mag raw time)</Description>
			<Address>108</Address>
			<Bits>32</Bits>
			<Start>0</Start>
			<DataType>float</DataType>
			<Min></Min>
			<Max></Max>
			<ScaleFactor>1.0</ScaleFactor>
		</DataItem>
		
		<!-- Processed X -->
		<DataItem>
			<Name>Processed X Mag</Name>
			<Description>Processed data from x-axis magnetometer (biases subtracted, soft and hard iron compensation applied)</Description>
			<Address>105</Address>
			<Bits>32</Bits>
			<Start>0</Start>
			<DataType>float</DataType>
			<Min></Min>
			<Max></Max>
			<ScaleFactor>1.0</ScaleFactor>
		</DataItem>

		<!-- Processed Y -->
		<DataItem>
			<Name>Processed Y Mag</Name>
			<Description>Processed data from y-axis magnetometer (biases subtracted, soft and hard iron compensation applied)</Description>
			<Address>106</Address>
			<Bits>32</Bits>
			<Start>0</Start>
			<DataType>float</DataType>
			<Min></Min>
			<Max></Max>
			<ScaleFactor>1.0</ScaleFactor>
		</DataItem>

		<!-- Processed Z -->
		<DataItem>
			<Name>Processed Z Mag</Name>
			<Description>Processed data from z-axis magnetometer (biases subtracted, soft and hard iron compensation applied)</Description>
			<Address>107</Address>
			<Bits>32</Bits>
			<Start>0</Start>
			<DataType>float</DataType>
			<Min></Min>
			<Max></Max>
			<ScaleFactor>1.0</ScaleFactor>
		</DataItem>
		
		<!-- Board temperature -->
		<DataItem>
			<Name>Board temperature</Name>
			<Description>Board temperature</Description>
			<Address>96</Address>
			<Bits>16</Bits>
			<Start>16</Start>
			<DataType>int16</DataType>
			<Min></Min>
			<Max></Max>
			<ScaleFactor>0.003051758</ScaleFactor>
		</DataItem>
	</DataGroup>
	
	<!-- EULER ANGLES -->
	<DataGroup>
		<Name>Euler Angles</Name>
		<Description>Euler Angle Outputs</Description>
		
		<!-- Roll -->
		<DataItem>
			<Name>Roll (phi)</Name>
			<Description>Roll angle in degrees</Description>
			<Address>112</Address>
			<Bits>16</Bits>
			<Start>16</Start>
			<DataType>int16</DataType>
			<Min>-360</Min>
			<Max>360</Max>
			<ScaleFactor>0.0109863</ScaleFactor>
		</DataItem>
		
		<!-- Pitch -->
		<DataItem>
			<Name>Pitch (theta)</Name>
			<Description>Pitch angle in degrees</Description>
			<Address>112</Address>
			<Bits>16</Bits>
			<Start>0</Start>
			<DataType>int16</DataType>
			<Min>-360</Min>
			<Max>360</Max>
			<ScaleFactor>0.0109863</ScaleFactor>
		</DataItem>
		
		<!-- Yaw -->
		<DataItem>
			<Name>Yaw (psi)</Name>
			<Description>Yaw angle in degrees</Description>
			<Address>113</Address>
			<Bits>16</Bits>
			<Start>16</Start>
			<DataType>int16</DataType>
			<Min>-360</Min>
			<Max>360</Max>
			<ScaleFactor>0.0109863</ScaleFactor>
		</DataItem>
		
		<!-- Euler time -->
		<DataItem>
			<Name>Euler time</Name>
			<Description>Time at which angle occured</Description>
			<Address>114</Address>
			<Bits>32</Bits>
			<Start>0</Start>
			<DataType>float</DataType>
			<Min></Min>
			<Max></Max>
			<ScaleFactor>1.0</ScaleFactor>
		</DataItem>
	</DataGroup>
	
	<!-- QUATERNIONS -->
	<DataGroup>
		<Name>Quaternion</Name>
		<Description>Quaternion Estimate</Description>
		
		<DataItem>
			<Name>a</Name>
			<Description>First quaternion component</Description>
			<Address>109</Address>
			<Bits>16</Bits>
			<Start>16</Start>
			<DataType>int16</DataType>
			<Min>-1.0</Min>
			<Max>1.0</Max>
			<ScaleFactor>0.0000335693</ScaleFactor>
		</DataItem>
		
		<DataItem>
			<Name>b</Name>
			<Description>Second quaternion component</Description>
			<Address>109</Address>
			<Bits>16</Bits>
			<Start>0</Start>
			<DataType>int16</DataType>
			<Min>-1.0</Min>
			<Max>1.0</Max>
			<ScaleFactor>0.0000335693</ScaleFactor>
		</DataItem>
		
		<DataItem>
			<Name>c</Name>
			<Description>Third quaternion component</Description>
			<Address>110</Address>
			<Bits>16</Bits>
			<Start>16</Start>
			<DataType>int16</DataType>
			<Min>-1.0</Min>
			<Max>1.0</Max>
			<ScaleFactor>0.0000335693</ScaleFactor>
		</DataItem>
		
		<DataItem>
			<Name>d</Name>
			<Description>Fourth quaternion component</Description>
			<Address>110</Address>
			<Bits>16</Bits>
			<Start>0</Start>
			<DataType>int16</DataType>
			<Min>-1.0</Min>
			<Max>1.0</Max>
			<ScaleFactor>0.0000335693</ScaleFactor>
		</DataItem>
		
		<!-- Quaternion time -->
		<DataItem>
			<Name>Quaternion time</Name>
			<Description>Time at which angle occured</Description>
			<Address>111</Address>
			<Bits>32</Bits>
			<Start>0</Start>
			<DataType>float</DataType>
			<Min></Min>
			<Max></Max>
			<ScaleFactor>1.0</ScaleFactor>
		</DataItem>
	</DataGroup>
	
	<!-- TODO: Add additional registers for this device -->
	
	
	<!-- ********************************************************* -->
	<!-- Registers												   -->
	<!-- ********************************************************* -->
	<Registers>
		<!-- Config Registers -->
		<Register address="0">
			<Name>COM_SETTINGS</Name>
			<Description>Communication settings</Description>
		</Register>
		
		<Register address="1">
			<Name>COMMUNICATION RATES 1</Name>
			<Description>Communication settings</Description>
		</Register>
		
		<Register address="2">
			<Name>COMMUNICATION RATES 2</Name>
			<Description>Communication settings</Description>
		</Register>

		<Register address="3">
			<Name>COMMUNICATION RATES 3</Name>
			<Description>Communication settings</Description>
		</Register>

		<Register address="4">
			<Name>COMMUNICATION RATES 4</Name>
			<Description>Communication settings</Description>
		</Register>

		<Register address="5">
			<Name>COMMUNICATION RATES 5</Name>
			<Description>Communication settings</Description>
		</Register>

		<Register address="6">
			<Name>FILTER SETTINGS</Name>
			<Description>Filter settings</Description>
		</Register>

		<Register address="7">
			<Name>North Home Position</Name>
			<Description>Home position</Description>
		</Register>

		<Register address="8">
			<Name>East Home Position</Name>
			<Description>Home position</Description>
		</Register>

		<Register address="9">
			<Name>Home Altitude</Name>
			<Description>Home position</Description>
		</Register>
		
		
		<!-- Data Registers -->
		<Register address="85">
			<Name>HEALTH</Name>
			<Description>Status register</Description>
		</Register>
		
		<!-- Gyro Raw X -->
		<Register address="86">
			<Name>GYRO_RAW_X</Name>
			<Description>Raw X gyro and temperature data</Description>
		</Register>
		
		<!-- Gyro Raw Y -->
		<Register address="87">
			<Name>GYRO_RAW_Y</Name>
			<Description>Raw Y gyro and temperature data</Description>
		</Register>
		
		<!-- Gyro Raw Z -->
		<Register address="88">
			<Name>GYRO_RAW_Z</Name>
			<Description>Raw Z gyro and temperature data</Description>
		</Register>
		
		<!-- Gyro Time -->
		<Register address="89">
			<Name>GYRO_TIME</Name>
			<Description>Gyro time</Description>
		</Register>
		
		<!-- Accel Raw X/Y -->
		<Register address="90">
			<Name>ACCEL_RAW_XY</Name>
			<Description>Raw X and Y accel data</Description>
		</Register>
		
		<!-- Accel Raw Z -->
		<Register address="91">
			<Name>ACCEL_RAW_Z</Name>
			<Description>Raw Z accel data</Description>
		</Register>
		
		<!-- Accel time -->
		<Register address="92">
			<Name>ACCEL_TIME</Name>
			<Description>Time that raw accelerometer data was acquired</Description>
		</Register>
		
		<!-- Mag Raw X/Y -->
		<Register address="93">
			<Name>MAG_RAW_XY</Name>
			<Description>Raw X and Y mag data</Description>
		</Register>
		
		<!-- Mag Raw Z  -->
		<Register address="94">
			<Name>MAG_RAW_Z</Name>
			<Description>Raw Z mag data and time</Description>
		</Register>
		
		<!-- Mag Raw time  -->
		<Register address="95">
			<Name>MAG_RAW_TIME</Name>
			<Description>Time that raw magnetometer data was received</Description>
		</Register>
		
		<!-- Board temperature -->
		<Register address="96">
			<Name>BOARD_TEMPERATURE</Name>
			<Description>Board temperature</Description>
		</Register>
		
		<!-- Gyro Proc X -->
		<Register address="97">
			<Name>GYRO_PROC_X</Name>
			<Description>Processed X gyro data</Description>
		</Register>
		
		<!-- Gyro Proc Y -->
		<Register address="98">
			<Name>GYRO_PROC_Y</Name>
			<Description>Processed X gyro data</Description>
		</Register>
		
		<!-- Gyro Proc Z -->
		<Register address="99">
			<Name>GYRO_PROC_Z</Name>
			<Description>Processed Z gyro data</Description>
		</Register>
		
		<!-- Gyro time -->
		<Register address="100">
			<Name>GYRO_PROC_TIME</Name>
			<Description>Time at which processed gyro data was received</Description>
		</Register>
		
		<!-- Accel Proc X -->
		<Register address="101">
			<Name>ACCEL_PROC_X</Name>
			<Description>Processed X accel data</Description>
		</Register>
		
		<!-- Accel Proc Y -->
		<Register address="102">
			<Name>ACCEL_PROC_Y</Name>
			<Description>Processed Y accel data</Description>
		</Register>
		
		<!-- Accel Proc Z -->
		<Register address="103">
			<Name>ACCEL_PROC_Z</Name>
			<Description>Processed Z accel data</Description>
		</Register>
		
		<!-- Accel Time -->
		<Register address="104">
			<Name>ACCEL_PROC_TIME</Name>
			<Description>Time at which accel data was received</Description>
		</Register>
		
		<!-- Mag Proc X -->
		<Register address="105">
			<Name>MAG_PROC_X</Name>
			<Description>Processed X mag data</Description>
		</Register>
		
		<!-- Mag Proc Y -->
		<Register address="106">
			<Name>MAG_PROC_Y</Name>
			<Description>Processed Y mag data</Description>
		</Register>
		
		<!-- Mag Proc Z -->
		<Register address="107">
			<Name>MAG_RAW_Z</Name>
			<Description>Processed Z mag data</Description>
		</Register>
		
		<!-- Mag Time -->
		<Register address="108">
			<Name>MAG_PROC_TIME</Name>
			<Description>Time at which mag data was received</Description>
		</Register>
		
		<!-- Quaternion A and B -->
		<Register address="109">
			<Name>QUAT_AB</Name>
			<Description>Quaternion A and B</Description>
		</Register>
		
		<!-- Quaternion C and D -->
		<Register address="110">
			<Name>QUAT_CD</Name>
			<Description>Quaternion C and D</Description>
		</Register>
		
		<!-- Quaternion time -->
		<Register address="111">
			<Name>QUAT_TIME</Name>
			<Description>Quaternion time</Description>
		</Register>
		
		<!-- Euler phi and theta -->
		<Register address="112">
			<Name>EULER_PHI_THETA</Name>
			<Description>Euler Pitch and Roll</Description>
		</Register>
		
		<!-- Euler psi -->
		<Register address="113">
			<Name>EULER_PSI</Name>
			<Description>Euler Yaw</Description>
		</Register>
		
		<!-- Euler angle time -->
		<Register address="114">
			<Name>EULER_TIME</Name>
			<Description>Time at which Euler angle data was computed</Description>
		</Register>
		
		<!-- Position north -->
		<Register address="115">
			<Name>POSITION_NORTH</Name>
			<Description>North position</Description>
		</Register>
		
		<!-- Position east -->
		<Register address="116">
			<Name>POSITION_EAST</Name>
			<Description>East position</Description>
		</Register>
		
		<!-- Altitude -->
		<Register address="117">
			<Name>POSITION_ALTITUDE</Name>
			<Description>Altitude</Description>
		</Register>
		
		<!-- Position time -->
		<Register address="118">
			<Name>POSITION_TIME</Name>
			<Description>Position time</Description>
		</Register>
		
		<!-- Velocity north -->
		<Register address="119">
			<Name>VELOCITY_NORTH</Name>
			<Description>Velocity north</Description>
		</Register>
		
		<!-- Velocity east -->
		<Register address="120">
			<Name>VELOCITY_EAST</Name>
			<Description>Velocity east</Description>
		</Register>
		
		<!-- Velocity up -->
		<Register address="121">
			<Name>VELOCITY_UP</Name>
			<Description>Velocity up</Description>
		</Register>
		
		<!-- Velocity time -->
		<Register address="122">
			<Name>VELOCITY_TIME</Name>
			<Description>Velocity time</Description>
		</Register>
		
		<!-- GPS satellites 1 and 2 -->
		<Register address="123">
			<Name>GPS_SATELLITES_12</Name>
			<Description>GPS Satellite data 1 and 2</Description>
		</Register>
		
		<!-- GPS satellites 3 and 4 -->
		<Register address="124">
			<Name>GPS_SATELLITES_34</Name>
			<Description>GPS Satellite data 3 and 4</Description>
		</Register>
		
		<!-- GPS satellites 5 and 6 -->
		<Register address="125">
			<Name>GPS_SATELLITES_56</Name>
			<Description>GPS Satellite data 5 and 6</Description>
		</Register>
		
		<!-- GPS satellites 7 and 8 -->
		<Register address="126">
			<Name>GPS_SATELLITES_78</Name>
			<Description>GPS Satellite data 7 and 8</Description>
		</Register>
		
		<!-- GPS satellites 9 and 10 -->
		<Register address="127">
			<Name>GPS_SATELLITES_910</Name>
			<Description>GPS Satellite data 9 and 10</Description>
		</Register>
		
		<!-- GPS satellites 11 and 12 -->
		<Register address="128">
			<Name>GPS_SATELLITES_1112</Name>
			<Description>GPS Satellite data 11 and 12</Description>
		</Register>
		
	</Registers>
	
	<Commands>
		<Command>
			<Name>Get Firmware Revision</Name>
			<Description>Causes the sensor to transmit to the current firmware revision</Description>
			<Address>170</Address>			
		</Command>
		
		<Command>
			<Name>Write To Flash</Name>
			<Description>Causes the sensor to write all current configuration settings to FLASH</Description>
			<Address>171</Address>			
		</Command>		
		
		<Command>
			<Name>Reset to Factory</Name>
			<Description>Causes the UM6 to reload factory-default settings</Description>
			<Address>172</Address>
		</Command>

		<Command>
			<Name>Zero Rate Gyros</Name>
			<Description>Trims the gyro zero settings</Description>
			<Address>173</Address>
		</Command>
	
		<Command>
			<Name>Set Home Position</Name>
			<Description>Sets the measured GPS position as position (0,0,0) for relative position reporting</Description>
			<Address>174</Address>
		</Command>	
		
		<Command>
			<Name>Write to Factory</Name>
			<Description>Causes the UM6 to save current configuration as the factory-default</Description>
			<Address>175</Address>
		</Command>

	</Commands>
	
</CHR_FIRMWARE>